{
    "main_menu_songs": "Lieder",
    "main_menu_albums": "Alben",
    "main_menu_artists": "Künstler",
    "main_menu_playlists": "Wiedergabelisten",
    "main_menu_equalizer": "Equalizer",
    "main_menu_settings": "Einstellungen",
    "main_menu_now_playing": "Aktuelle Wiedergabe",
    
    "slide_menu_rescan": "Neu scannen",
    "slide_menu_key_guide": "Tastenbelegung",
    "slide_menu_auth_info": "Authentifizierungsinfo",
    "slide_menu_exit": "Beenden",
    
    "dialog_title_tip": "Tipp",
    "dialog_message_vip": "Bitte kaufen Sie VIP, um diese Seite freizuschalten",
    "dialog_message_loading": "Lieder werden geladen... Bitte warten...",
    
    "settings_audio": "Audio-Einstellungen",
    "settings_equalizer": "Equalizer",
    "settings_auth": "Authentifizierung",
    "settings_about": "Über",
    "settings_back": "Zurück",
    
    "settings_backlight": "Hintergrundbeleuchtung",
    "settings_language": "Sprache",
    "settings_theme": "Design",
    "settings_theme_folder": "Design-Ordner",
    "settings_play_mode": "Wiedergabemodus",
    "settings_auth_setup": "Authentifizierung einrichten",
    
    "theme_tape": "Kassette",
    "theme_record": "Plattenspieler",
    
    "play_mode_sequence": "Sequentiell",
    "play_mode_sequence_loop": "Sequenzwiederholung",
    "play_mode_single": "Einzeln",
    "play_mode_single_loop": "Einzelwiederholung",
    "play_mode_random": "Zufällig",
    
    "version": "Version",
    
    "backlight_15": "15 Sekunden",
    "backlight_30": "30 Sekunden",
    "backlight_45": "45 Sekunden",
    "backlight_60": "60 Sekunden",
    "backlight_90": "90 Sekunden",
    "backlight_0": "Immer an",

    "auth_page_title": "Authentifizierungsinformationen",
    "auth_machine_code_a": "Maschinencode A",
    "auth_machine_code_b": "Maschinencode B",
    "auth_status": "Authentifizierungsstatus",
    "auth_status_authorized": "Autorisiert",
    "auth_status_unauthorized": "Nicht autorisiert",
    "auth_user_type": "Benutzertyp",
    "auth_user_type_vip": "VIP-Benutzer",
    "auth_user_type_normal": "Normaler Benutzer (Drücken Sie START, um zum Kaufvorgang zu gelangen)",
    "auth_vip_contact": "VIP-Kontakt",
    "auth_dev_info": "Entwicklerinformationen",

    "eq_preset_flat": "Linear",
    "eq_preset_rock": "Rock",
    "eq_preset_pop": "Pop",
    "eq_preset_jazz": "Jazz",
    "eq_preset_classical": "Klassik",
    "eq_preset_custom": "Benutzerdefiniert",
    "eq_preset_dance": "Dance",
    "eq_preset_bass_boost": "Bass-Verstärkung",
    "eq_preset_vocal": "Gesang",
    "eq_preset_pixel2": "Pixel2 Angepasst",
    "eq_save_preset": "Speichern",
    "eq_reset": "Zurücksetzen",
    "eq_custom_mode": "Benutzerdefinierter Modus",
    "eq_preset_mode": "Voreinstellungsmodus",

    "auth_dialog_title": "Authentifizierung",
    "auth_authenticating": "Authentifizierung läuft, bitte warten...",
    "auth_result_title": "Authentifizierungsergebnis",
    "auth_connecting": "Verbindung zum Server wird hergestellt...",
    "auth_prompt": "Drücken Sie START oder ENTER zur Authentifizierung",
    "auth_failed_unauthorized": "Authentifizierung fehlgeschlagen: Nicht autorisiert",
    "auth_success_key_saved": "Authentifizierung erfolgreich! Schlüssel gespeichert.",
    "auth_warning_key_verify_failed": "Warnung: Schlüsselüberprüfung fehlgeschlagen",
    "auth_success_key_save_failed": "Authentifizierung erfolgreich, aber Schlüsselspeicherung fehlgeschlagen",
    "auth_service_unavailable": "Authentifizierungsdienst nicht verfügbar",
    "auth_network_error": "Netzwerkfehler während der Authentifizierung"
} 