{
    "main_menu_songs": "Songs",
    "main_menu_albums": "Albums",
    "main_menu_artists": "Artists",
    "main_menu_playlists": "Favorites",
    "main_menu_equalizer": "Equalizer",
    "main_menu_settings": "Settings",
    "main_menu_now_playing": "Now Playing",
    
    "slide_menu_rescan": "Rescan Music",
    "slide_menu_key_guide": "Key Guide",
    "slide_menu_auth_info": "Auth Info",
    "slide_menu_exit": "Exit",
    
    "dialog_title_tip": "Tip",
    "dialog_message_vip": "Please purchase VIP to unlock this page",
    "dialog_message_loading": "Loading songs... Please wait...",
    
    "settings_audio": "Audio Settings",
    "settings_equalizer": "Equalizer",
    "settings_auth": "Authentication",
    "settings_about": "About",
    "settings_back": "Back",
    
    "settings_backlight": "Backlight Time",
    "settings_language": "Language",
    "settings_theme": "Theme",
    "settings_theme_folder": "Theme Folder",
    "settings_play_mode": "Play Mode",
    "settings_auth_setup": "Auth Setup",
    
    "theme_tape": "Tape",
    "theme_record": "Record Player",
    
    "play_mode_sequence": "Sequential",
    "play_mode_sequence_loop": "Sequential Loop",
    "play_mode_single": "Single",
    "play_mode_single_loop": "Single Loop",
    "play_mode_random": "Random",
    
    "version": "Version",
    
    "backlight_15": "15 seconds",
    "backlight_30": "30 seconds",
    "backlight_45": "45 seconds",
    "backlight_60": "60 seconds",
    "backlight_90": "90 seconds",
    "backlight_0": "Always On",

    "auth_page_title": "Authentication Information",
    "auth_machine_code_a": "Machine Code A",
    "auth_machine_code_b": "Machine Code B",
    "auth_status": "Auth Status",
    "auth_status_authorized": "Authorized",
    "auth_status_unauthorized": "Unauthorized",
    "auth_user_type": "User Type",
    "auth_user_type_vip": "VIP User",
    "auth_user_type_normal": "Normal User (Press START to enter purchase process)",
    "auth_vip_contact": "VIP Contact",
    "auth_dev_info": "Developer Info",
    "auth_already_vip":"Already a VIP user",
    "press_a_to_continue": "Press B to continue",

    "eq_preset_flat": "Flat",
    "eq_preset_rock": "Rock",
    "eq_preset_pop": "Pop",
    "eq_preset_jazz": "Jazz",
    "eq_preset_classical": "Classical",
    "eq_preset_custom": "Custom",
    "eq_preset_dance": "Dance",
    "eq_preset_bass_boost": "Bass Boost",
    "eq_preset_vocal": "Vocal",
    "eq_preset_pixel2": "Pixel2 Custom",
    "eq_save_preset": "Save Preset",
    "eq_reset": "Reset",
    "eq_custom_mode": "Custom Mode",
    "eq_preset_mode": "Preset Mode",

    "auth_dialog_title": "Authentication",
    "auth_authenticating": "Authenticating, please wait...",
    "auth_result_title": "Authentication Result",
    "auth_connecting": "Connecting to server...",
    "auth_prompt": "Press START or ENTER to authenticate",
    "auth_failed_unauthorized": "Authentication failed: Unauthorized",
    "auth_success_key_saved": "Authentication successful! Key saved.",
    "auth_warning_key_verify_failed": "Warning: Key verification failed",
    "auth_success_key_save_failed": "Authentication successful but key save failed",
    "auth_service_unavailable": "Authentication service unavailable",
    "auth_network_error": "Network error during authentication"
} 