{
    "main_menu_songs": "Canciones",
    "main_menu_albums": "Álbumes",
    "main_menu_artists": "Artistas",
    "main_menu_playlists": "Listas de reproducción",
    "main_menu_equalizer": "Ecualizador",
    "main_menu_settings": "Ajustes",
    "main_menu_now_playing": "Reproduciendo",
    
    "slide_menu_rescan": "Volver a escanear",
    "slide_menu_key_guide": "Guía de teclas",
    "slide_menu_auth_info": "Información de autenticación",
    "slide_menu_exit": "Salir",
    
    "dialog_title_tip": "Consejo",
    "dialog_message_vip": "Por favor, compre VIP para desbloquear esta página",
    "dialog_message_loading": "Cargando canciones... Por favor espere...",
    
    "settings_audio": "Configuración de audio",
    "settings_equalizer": "Ecualizador",
    "settings_auth": "Autenticación",
    "settings_about": "Acerca de",
    "settings_back": "Volver",
    
    "settings_backlight": "Tiempo de retroiluminación",
    "settings_language": "Idioma",
    "settings_theme": "Tema",
    "settings_theme_folder": "Carpeta de temas",
    "settings_play_mode": "Modo de reproducción",
    "settings_auth_setup": "Configuración de autenticación",
    
    "theme_tape": "Cinta",
    "theme_record": "Tocadiscos",
    
    "play_mode_sequence": "Secuencial",
    "play_mode_sequence_loop": "Bucle secuencial",
    "play_mode_single": "Individual",
    "play_mode_single_loop": "Bucle individual",
    "play_mode_random": "Aleatorio",
    
    "version": "Versión",
    
    "backlight_15": "15 segundos",
    "backlight_30": "30 segundos",
    "backlight_45": "45 segundos",
    "backlight_60": "60 segundos",
    "backlight_90": "90 segundos",
    "backlight_0": "Siempre encendido",

    "auth_page_title": "Información de autenticación",
    "auth_machine_code_a": "Código de máquina A",
    "auth_machine_code_b": "Código de máquina B",
    "auth_status": "Estado de autenticación",
    "auth_status_authorized": "Autorizado",
    "auth_status_unauthorized": "No autorizado",
    "auth_user_type": "Tipo de usuario",
    "auth_user_type_vip": "Usuario VIP",
    "auth_user_type_normal": "Usuario normal (presiona START para comprar)",
    "auth_vip_contact": "Contacto VIP",
    "auth_dev_info": "Información del desarrollador",
    "press_a_to_continue": "Press B to continue",

    "eq_preset_flat": "Plano",
    "eq_preset_rock": "Rock",
    "eq_preset_pop": "Pop",
    "eq_preset_jazz": "Jazz",
    "eq_preset_classical": "Clásico",
    "eq_preset_custom": "Personalizado",
    "eq_preset_dance": "Dance",
    "eq_preset_bass_boost": "Refuerzo de Graves",
    "eq_preset_vocal": "Vocal",
    "eq_preset_pixel2": "Pixel2 Personalizado",
    "eq_save_preset": "Guardar",
    "eq_reset": "Restablecer",
    "eq_custom_mode": "Modo Personalizado",
    "eq_preset_mode": "Modo Preajuste"
} 