{
    "main_menu_songs": "Chansons",
    "main_menu_albums": "Albums",
    "main_menu_artists": "Artistes",
    "main_menu_playlists": "Listes de lecture",
    "main_menu_equalizer": "Égaliseur",
    "main_menu_settings": "Paramètres",
    "main_menu_now_playing": "En lecture",
    
    "slide_menu_rescan": "Rescanner",
    "slide_menu_key_guide": "Guide des touches",
    "slide_menu_auth_info": "Informations d'authentification",
    "slide_menu_exit": "Quitter",
    
    "dialog_title_tip": "Conseil",
    "dialog_message_vip": "Veuillez acheter VIP pour débloquer cette page",
    "dialog_message_loading": "Chargement des chansons... Veuillez patienter...",
    
    "settings_audio": "Paramètres audio",
    "settings_equalizer": "Égaliseur",
    "settings_auth": "Authentification",
    "settings_about": "À propos",
    "settings_back": "Retour",
    
    "settings_backlight": "Rétroéclairage",
    "settings_language": "Langue",
    "settings_theme": "Thème",
    "settings_theme_folder": "Dossier des thèmes",
    "settings_play_mode": "Mode de lecture",
    "settings_auth_setup": "Configuration de l'authentification",
    
    "theme_tape": "Cassette",
    "theme_record": "Tourne-disque",
    
    "play_mode_sequence": "Séquentiel",
    "play_mode_sequence_loop": "Boucle séquentielle",
    "play_mode_single": "Unique",
    "play_mode_single_loop": "Boucle unique",
    "play_mode_random": "Aléatoire",
    
    "version": "Version",
    
    "backlight_15": "15 secondes",
    "backlight_30": "30 secondes",
    "backlight_45": "45 secondes",
    "backlight_60": "60 secondes",
    "backlight_90": "90 secondes",
    "backlight_0": "Toujours allumé",

    "auth_page_title": "Informations d'authentification",
    "auth_machine_code_a": "Code machine A",
    "auth_machine_code_b": "Code machine B",
    "auth_status": "État d'authentification",
    "auth_status_authorized": "Autorisé",
    "auth_status_unauthorized": "Non autorisé",
    "auth_user_type": "Type d'utilisateur",
    "auth_user_type_vip": "Utilisateur VIP",
    "auth_user_type_normal": "Utilisateur normal (appuyez sur START pour accéder au processus d'achat)",
    "auth_vip_contact": "Contact VIP",
    "auth_dev_info": "Informations développeur",

    "eq_preset_flat": "Plat",
    "eq_preset_rock": "Rock",
    "eq_preset_pop": "Pop",
    "eq_preset_jazz": "Jazz",
    "eq_preset_classical": "Classique",
    "eq_preset_custom": "Personnalisé",
    "eq_preset_dance": "Dance",
    "eq_preset_bass_boost": "Amplification des basses",
    "eq_preset_vocal": "Voix",
    "eq_preset_pixel2": "Pixel2 Personnalisé",
    "eq_save_preset": "Enregistrer",
    "eq_reset": "Réinitialiser",
    "eq_custom_mode": "Mode Personnalisé",
    "eq_preset_mode": "Mode Préréglé",

    "auth_dialog_title": "Authentification",
    "auth_authenticating": "Authentification en cours, veuillez patienter...",
    "auth_result_title": "Résultat de l'authentification",
    "auth_connecting": "Connexion au serveur...",
    "auth_prompt": "Appuyez sur START ou ENTRÉE pour vous authentifier",
    "auth_failed_unauthorized": "Échec de l'authentification : Non autorisé",
    "auth_success_key_saved": "Authentification réussie ! Clé enregistrée.",
    "auth_warning_key_verify_failed": "Avertissement : Échec de la vérification de la clé",
    "auth_success_key_save_failed": "Authentification réussie mais échec de l'enregistrement de la clé",
    "auth_service_unavailable": "Service d'authentification indisponible",
    "auth_network_error": "Erreur réseau pendant l'authentification"
} 