{
    "main_menu_songs": "Canzoni",
    "main_menu_albums": "Album",
    "main_menu_artists": "Artisti",
    "main_menu_playlists": "Playlist",
    "main_menu_equalizer": "Equalizzatore",
    "main_menu_settings": "Impostazioni",
    "main_menu_now_playing": "In riproduzione",
    
    "slide_menu_rescan": "Nuova scansione",
    "slide_menu_key_guide": "Guida tasti",
    "slide_menu_auth_info": "Informazioni autenticazione",
    "slide_menu_exit": "Esci",
    
    "dialog_title_tip": "Suggerimento",
    "dialog_message_vip": "Acquista VIP per sbloccare questa pagina",
    "dialog_message_loading": "Caricamento canzoni... Attendere prego...",
    
    "settings_audio": "Impostazioni audio",
    "settings_equalizer": "Equalizzatore",
    "settings_auth": "Autenticazione",
    "settings_about": "Informazioni",
    "settings_back": "Indietro",
    
    "settings_backlight": "Retroilluminazione",
    "settings_language": "Lingua",
    "settings_theme": "Tema",
    "settings_theme_folder": "Cartella temi",
    "settings_play_mode": "Modalità riproduzione",
    "settings_auth_setup": "Configurazione autenticazione",
    
    "theme_tape": "Cassetta",
    "theme_record": "Giradischi",
    
    "play_mode_sequence": "Sequenziale",
    "play_mode_sequence_loop": "Ripetizione sequenziale",
    "play_mode_single": "Singola",
    "play_mode_single_loop": "Ripetizione singola",
    "play_mode_random": "Casuale",
    
    "version": "Versione",
    
    "backlight_15": "15 secondi",
    "backlight_30": "30 secondi",
    "backlight_45": "45 secondi",
    "backlight_60": "60 secondi",
    "backlight_90": "90 secondi",
    "backlight_0": "Sempre acceso",

    "auth_page_title": "Informazioni autenticazione",
    "auth_machine_code_a": "Codice macchina A",
    "auth_machine_code_b": "Codice macchina B",
    "auth_status": "Stato autenticazione",
    "auth_status_authorized": "Autorizzato",
    "auth_status_unauthorized": "Non autorizzato",
    "auth_user_type": "Tipo utente",
    "auth_user_type_vip": "Utente VIP",
    "auth_user_type_normal": "Utente normale (premi start per avviare l'acquisto)",
    "auth_vip_contact": "Contatto VIP",
    "auth_dev_info": "Informazioni sviluppatore",

    "eq_preset_flat": "Piatto",
    "eq_preset_rock": "Rock",
    "eq_preset_pop": "Pop",
    "eq_preset_jazz": "Jazz",
    "eq_preset_classical": "Classico",
    "eq_preset_custom": "Personalizzato",
    "eq_preset_dance": "Dance",
    "eq_preset_bass_boost": "Potenziamento Bassi",
    "eq_preset_vocal": "Voce",
    "eq_preset_pixel2": "Pixel2 Personalizzato",
    "eq_save_preset": "Salva",
    "eq_reset": "Ripristina",
    "eq_custom_mode": "Modalità Personalizzata",
    "eq_preset_mode": "Modalità Preset"
} 