{
    "main_menu_songs": "曲",
    "main_menu_albums": "アルバム",
    "main_menu_artists": "アーティスト",
    "main_menu_playlists": "お気に入り",
    "main_menu_equalizer": "イコライザー",
    "main_menu_settings": "設定",
    "main_menu_now_playing": "再生中",
    
    "slide_menu_rescan": "音楽を再スキャン",
    "slide_menu_key_guide": "キーガイド",
    "slide_menu_auth_info": "認証情報",
    "slide_menu_exit": "終了",
    
    "dialog_title_tip": "ヒント",
    "dialog_message_vip": "このページのロックを解除するにはVIPを購入してください",
    "dialog_message_loading": "曲を読み込み中...お待ちください...",
    
    "settings_audio": "オーディオ設定",
    "settings_equalizer": "イコライザー",
    "settings_auth": "認証",
    "settings_about": "情報",
    "settings_back": "戻る",
    
    "settings_backlight": "バックライト時間",
    "settings_language": "言語",
    "settings_theme": "テーマ",
    "settings_theme_folder": "テーマフォルダ",
    "settings_play_mode": "再生モード",
    "settings_auth_setup": "認証設定",
    
    "theme_tape": "テープ",
    "theme_record": "レコードプレーヤー",
    
    "play_mode_sequence": "順番",
    "play_mode_sequence_loop": "順番ループ",
    "play_mode_single": "シングル",
    "play_mode_single_loop": "シングルループ",
    "play_mode_random": "ランダム",
    
    "version": "バージョン",
    
    "backlight_15": "15秒",
    "backlight_30": "30秒",
    "backlight_45": "45秒",
    "backlight_60": "60秒",
    "backlight_90": "90秒",
    "backlight_0": "常時オン",

    "auth_already_vip":"Already a VIP user",
    "press_a_to_continue": "Press B to continue",

    "auth_page_title": "認証情報",
    "auth_machine_code_a": "マシンコードA",
    "auth_machine_code_b": "マシンコードB",
    "auth_status": "認証状態",
    "auth_status_authorized": "認証済み",
    "auth_status_unauthorized": "未認証",
    "auth_user_type": "ユーザータイプ",
    "auth_user_type_vip": "VIPユーザー",
    "auth_user_type_normal": "通常ユーザー (STARTボタンを押して購入プロセスへ進む)",
    "auth_vip_contact": "VIP連絡先",
    "auth_dev_info": "開発情報",
    "eq_preset_flat": "フラット",
    "eq_preset_rock": "ロック",
    "eq_preset_pop": "ポップ",
    "eq_preset_jazz": "ジャズ",
    "eq_preset_classical": "クラシック",
    "eq_preset_custom": "カスタム",
    "eq_preset_dance": "ダンス",
    "eq_preset_bass_boost": "重低音",
    "eq_preset_vocal": "ボーカル",
    "eq_preset_pixel2": "Pixel2カスタム",
    "eq_save_preset": "プリセットを保存",
    "eq_reset": "リセット",
    "eq_custom_mode": "カスタムモード",
    "eq_preset_mode": "プリセットモード",
    "auth_dialog_title": "認証",
    "auth_authenticating": "認証中、お待ちください...",
    "auth_result_title": "認証結果",
    "auth_connecting": "サーバーに接続中...",
    "auth_prompt": "STARTボタンまたはEnterキーを押して認証してください",
    "auth_failed_unauthorized": "認証失敗：未承認",
    "auth_success_key_saved": "認証成功！キーが保存されました。",
    "auth_warning_key_verify_failed": "警告：キー検証に失敗しました",
    "auth_success_key_save_failed": "認証は成功しましたが、キーの保存に失敗しました",
    "auth_service_unavailable": "認証サービスは利用できません",
    "auth_network_error": "認証中にネットワークエラーが発生しました"
} 