{
    "main_menu_songs": "노래",
    "main_menu_albums": "앨범",
    "main_menu_artists": "아티스트",
    "main_menu_playlists": "재생목록",
    "main_menu_equalizer": "이퀄라이저",
    "main_menu_settings": "설정",
    "main_menu_now_playing": "지금 재생 중",
    
    "slide_menu_rescan": "재검색",
    "slide_menu_key_guide": "키 가이드",
    "slide_menu_auth_info": "인증 정보",
    "slide_menu_exit": "종료",
    
    "dialog_title_tip": "팁",
    "dialog_message_vip": "이 페이지를 해제하려면 VIP를 구매하세요",
    "dialog_message_loading": "노래를 불러오는 중...잠시만 기다려주세요...",
    
    "settings_audio": "오디오 설정",
    "settings_equalizer": "이퀄라이저",
    "settings_auth": "인증",
    "settings_about": "정보",
    "settings_back": "뒤로",
    
    "settings_backlight": "백라이트 시간",
    "settings_language": "언어",
    "settings_theme": "테마",
    "settings_theme_folder": "테마 폴더",
    "settings_play_mode": "재생 모드",
    "settings_auth_setup": "인증 설정",
    
    "theme_tape": "테이프",
    "theme_record": "레코드 플레이어",
    
    "play_mode_sequence": "순차",
    "play_mode_sequence_loop": "순차 반복",
    "play_mode_single": "단일",
    "play_mode_single_loop": "단일 반복",
    "play_mode_random": "무작위",
    
    "version": "버전",
    
    "backlight_15": "15초",
    "backlight_30": "30초",
    "backlight_45": "45초",
    "backlight_60": "60초",
    "backlight_90": "90초",
    "backlight_0": "항상 켜짐",

    "auth_page_title": "인증 정보",
    "auth_machine_code_a": "기기 코드 A",
    "auth_machine_code_b": "기기 코드 B",
    "auth_status": "인증 상태",
    "auth_status_authorized": "인증됨",
    "auth_status_unauthorized": "인증되지 않음",
    "auth_user_type": "사용자 유형",
    "auth_user_type_vip": "VIP 사용자",
    "auth_user_type_normal": "일반 사용자(Start 버튼으로 구매流程进入)",
    "auth_vip_contact": "VIP 연락처",
    "auth_dev_info": "개발자 정보",

    "eq_preset_flat": "플랫",
    "eq_preset_rock": "록",
    "eq_preset_pop": "팝",
    "eq_preset_jazz": "재즈",
    "eq_preset_classical": "클래식",
    "eq_preset_custom": "사용자 정의",
    "eq_preset_dance": "댄스",
    "eq_preset_bass_boost": "베이스 부스트",
    "eq_preset_vocal": "보컬",
    "eq_preset_pixel2": "Pixel2 커스텀",
    "eq_save_preset": "프리셋 저장",
    "eq_reset": "초기화",
    "eq_custom_mode": "사용자 정의 모드",
    "eq_preset_mode": "프리셋 모드",

    "auth_dialog_title": "인증",
    "auth_authenticating": "인증 중, 기다려 주세요...",
    "auth_result_title": "인증 결과",
    "auth_connecting": "서버에 연결 중...",
    "auth_prompt": "START 버튼 또는 Enter 키를 눌러 인증하세요",
    "auth_failed_unauthorized": "인증 실패: 승인되지 않음",
    "auth_success_key_saved": "인증 성공! 키가 저장되었습니다.",
    "auth_warning_key_verify_failed": "경고: 키 확인 실패",
    "auth_success_key_save_failed": "인증은 성공했지만 키 저장에 실패했습니다",
    "auth_service_unavailable": "인증 서비스를 사용할 수 없습니다",
    "auth_network_error": "인증 중 네트워크 오류 발생"
} 