{
    "main_menu_songs": "Músicas",
    "main_menu_albums": "Álbuns",
    "main_menu_artists": "Artistas",
    "main_menu_playlists": "Listas de reprodução",
    "main_menu_equalizer": "Equalizador",
    "main_menu_settings": "Configurações",
    "main_menu_now_playing": "Reproduzindo agora",
    
    "slide_menu_rescan": "Reescanear",
    "slide_menu_key_guide": "Guia de teclas",
    "slide_menu_auth_info": "Informações de autenticação",
    "slide_menu_exit": "Sair",
    
    "dialog_title_tip": "Dica",
    "dialog_message_vip": "Por favor, compre VIP para desbloquear esta página",
    "dialog_message_loading": "Carregando músicas... Por favor, aguarde...",
    
    "settings_audio": "Configurações de áudio",
    "settings_equalizer": "Equalizador",
    "settings_auth": "Autenticação",
    "settings_about": "Sobre",
    "settings_back": "Voltar",
    
    "settings_backlight": "Retroiluminação",
    "settings_language": "Idioma",
    "settings_theme": "Tema",
    "settings_theme_folder": "Pasta de temas",
    "settings_play_mode": "Modo de reprodução",
    "settings_auth_setup": "Configuração de autenticação",
    
    "theme_tape": "Fita",
    "theme_record": "Toca-discos",
    
    "play_mode_sequence": "Sequencial",
    "play_mode_sequence_loop": "Repetição sequencial",
    "play_mode_single": "Individual",
    "play_mode_single_loop": "Repetição individual",
    "play_mode_random": "Aleatório",
    
    "version": "Versão",
    
    "backlight_15": "15 segundos",
    "backlight_30": "30 segundos",
    "backlight_45": "45 segundos",
    "backlight_60": "60 segundos",
    "backlight_90": "90 segundos",
    "backlight_0": "Sempre ligado",

    "auth_page_title": "Informações de autenticação",
    "auth_machine_code_a": "Código da máquina A", 
    "auth_machine_code_b": "Código da máquina B",
    "auth_status": "Estado de autenticação",
    "auth_status_authorized": "Autorizado",
    "auth_status_unauthorized": "Não autorizado",
    "auth_user_type": "Tipo de usuário",
    "auth_user_type_vip": "Usuário VIP",
    "auth_user_type_normal": "Usuário normal (pressione start para iniciar o processo de compra)",
    "auth_vip_contact": "Contato VIP",
    "auth_dev_info": "Informações do desenvolvedor",

    "eq_preset_flat": "Plano",
    "eq_preset_rock": "Rock",
    "eq_preset_pop": "Pop",
    "eq_preset_jazz": "Jazz",
    "eq_preset_classical": "Clássico",
    "eq_preset_custom": "Personalizado",
    "eq_preset_dance": "Dance",
    "eq_preset_bass_boost": "Reforço de Graves",
    "eq_preset_vocal": "Vocal",
    "eq_preset_pixel2": "Pixel2 Personalizado",
    "eq_save_preset": "Salvar",
    "eq_reset": "Redefinir",
    "eq_custom_mode": "Modo Personalizado",
    "eq_preset_mode": "Modo Predefinido"
} 