{
    "main_menu_songs": "歌曲",
    "main_menu_albums": "专辑",
    "main_menu_artists": "艺术家",
    "main_menu_playlists": "喜爱列表",
    "main_menu_equalizer": "均衡器",
    "main_menu_settings": "设置",
    "main_menu_now_playing": "正在播放",
    
    "slide_menu_rescan": "刷新列表",
    "slide_menu_key_guide": "按键说明",
    "slide_menu_auth_info": "认证信息",
    "slide_menu_exit": "退出程序",
    
    "dialog_title_tip": "提示",
    "dialog_message_vip": "请购买VIP用户解锁此页面",
    "dialog_message_loading": "歌曲载入中...请稍后...",
    
    "settings_audio": "音频设置",
    "settings_equalizer": "均衡器",
    "settings_auth": "认证信息",
    "settings_about": "关于",
    "settings_back": "返回",
    
    "settings_backlight": "背光时间",
    "settings_language": "语言设置",
    "settings_theme": "主题设置",
    "settings_theme_folder": "主题文件夹",
    "settings_play_mode": "播放模式",
    "settings_auth_setup": "认证设置",
    
    "theme_tape": "磁带",
    "theme_record": "唱片机",
    
    "play_mode_sequence": "顺序播放",
    "play_mode_sequence_loop": "顺序循环",
    "play_mode_single": "单曲播放",
    "play_mode_single_loop": "单曲循环",
    "play_mode_random": "随机播放",
    
    "version": "版本",
    
    "backlight_15": "15秒",
    "backlight_30": "30秒",
    "backlight_45": "45秒",
    "backlight_60": "60秒",
    "backlight_90": "90秒",
    "backlight_0": "常亮",

    "auth_page_title": "认证信息",
    "auth_machine_code_a": "机器码A",
    "auth_machine_code_b": "机器码B",
    "auth_status": "认证状态",
    "auth_status_authorized": "已认证",
    "auth_status_unauthorized": "未认证",
    "auth_user_type": "用户类型",
    "auth_user_type_vip": "VIP用户",
    "auth_user_type_normal": "普通用户(按start进入购买流程)",
    "auth_vip_contact": "VIP联系方式",
    "auth_dev_info": "开发者信息",
    "auth_already_vip":"已经是VIP用户",
    "press_a_to_continue": "按B键继续",

    "eq_preset_flat": "平坦",
    "eq_preset_rock": "摇滚",
    "eq_preset_pop": "流行",
    "eq_preset_jazz": "爵士",
    "eq_preset_classical": "古典",
    "eq_preset_custom": "自定义",
    "eq_preset_dance": "舞曲",
    "eq_preset_bass_boost": "重低音",
    "eq_preset_vocal": "人声",
    "eq_preset_pixel2": "Pixel2定制",
    "eq_save_preset": "保存预设",
    "eq_reset": "重置",
    "eq_custom_mode": "自定义模式",
    "eq_preset_mode": "预设模式",

    "auth_dialog_title": "认证",
    "auth_authenticating": "正在认证，请稍候...",
    "auth_result_title": "认证结果",
    "auth_connecting": "正在连接服务器...",
    "auth_prompt": "按START键或回车键进行认证",
    "auth_failed_unauthorized": "认证失败：未授权",
    "auth_success_key_saved": "认证成功！密钥已保存。",
    "auth_warning_key_verify_failed": "警告：密钥验证失败",
    "auth_success_key_save_failed": "认证成功但密钥保存失败",
    "auth_service_unavailable": "认证服务不可用",
    "auth_network_error": "认证过程中网络错误"
} 