{
    "current_theme": "默认主题",
    "themes": {
        "默认主题": {
            "primary": {
                "r": 255,
                "g": 255,
                "b": 255,
                "a": 255
            },
            "secondary": {
                "r": 128,
                "g": 128,
                "b": 128,
                "a": 128
            },
            "background": {
                "r": 255,
                "g": 255,
                "b": 255,
                "a": 255
            },
            "text": {
                "r": 0,
                "g": 0,
                "b": 0,
                "a": 255
            },
            "topbar": {
                "background": {
                    "r": 255,
                    "g": 255,
                    "b": 255,
                    "a": 255
                },
                "text": {
                    "r": 0,
                    "g": 0,
                    "b": 0,
                    "a": 255
                },
                "volume": {
                    "background": {
                        "r": 128,
                        "g": 128,
                        "b": 128,
                        "a": 128
                    },
                    "foreground": {
                        "r": 0,
                        "g": 0,
                        "b": 0,
                        "a": 255
                    }
                },
                "battery": {
                    "high": {
                        "r": 0,
                        "g": 255,
                        "b": 0,
                        "a": 255
                    },
                    "medium": {
                        "r": 255,
                        "g": 165,
                        "b": 0,
                        "a": 255
                    },
                    "low": {
                        "r": 255,
                        "g": 0,
                        "b": 0,
                        "a": 255
                    }
                }
            }
        },
        "暗色主题": {
            "primary": {
                "r": 88,
                "g": 136,
                "b": 231,
                "a": 255
            },
            "secondary": {
                "r": 180,
                "g": 180,
                "b": 180,
                "a": 255
            },
            "background": {
                "r": 33,
                "g": 33,
                "b": 33,
                "a": 255
            },
            "text": {
                "r": 255,
                "g": 255,
                "b": 255,
                "a": 255
            }
        }
    }
} 